email, senha
0.9225237605853774@mail.com,user123
0.8537298803265772@mail.com,user123
0.4432605033832143@mail.com,user123
0.7348465249785883@mail.com,user123
0.013158315959354596@mail.com,user123
0.6289206739382521@mail.com,user123
0.3051465498144122@mail.com,user123
0.6655547604312932@mail.com,user123
0.6554960873828795@mail.com,user123
0.8457789564035917@mail.com,user123
0.758276430222897@mail.com,user123
0.8370327762840108@mail.com,user123
0.3927689338138438@mail.com,user123
0.5347758738901895@mail.com,user123
0.5609143315219427@mail.com,user123
0.287551301665183@mail.com,user123
0.5076549389188411@mail.com,user123
0.4979001235576938@mail.com,user123